{
 "kind": "verse-register-student",
 "version": 1,
 "langs": [
  "ru"
 ],
 "features": [
  "n_lines",
  "mean_len",
  "max_len",
  "cv_len",
  "term_rate",
  "dash_rate",
  "q2p_rate",
  "divine_rate",
  "quote_open_rate",
  "num_lead_rate",
  "question_rate",
  "comma_end_rate",
  "lower_start_rate",
  "n_stanzas",
  "multi_line_stanzas",
  "ev_hard_break",
  "ev_inferred",
  "ev_stanza_break",
  "ev_compact_callout",
  "ctx_heading",
  "ctx_named",
  "ctx_separator",
  "len_vs_book",
  "book_lineated_frac"
 ],
 "mean": [
  15.910571702331524,
  30.062968445588517,
  52.69913765570105,
  0.3985870782374148,
  0.6499305867940596,
  0.04238122006788171,
  0.1961176399422735,
  0.14996410104482033,
  0.024856384089252555,
  0.00404604931117077,
  0.04630271564539353,
  0.20568625544030245,
  0.2269051306126765,
  2.4832321941871607,
  2.237943149153625,
  0.84797189396359,
  0.1520281060364101,
  0.1443628233791121,
  0.05908655381667199,
  0.27786649632705207,
  0.014691791759821143,
  0.2411370169274992,
  0.43593749070529775,
  0.512236776599545
 ],
 "std": [
  19.529690277218094,
  15.722294626676096,
  30.94256838695265,
  0.18017986870428807,
  0.25356309249173076,
  0.14142459017914358,
  0.23419634237317255,
  0.2096482391715054,
  0.07555411794562288,
  0.02962094125180525,
  0.13250377455888734,
  0.2039383770284736,
  0.2235138619673071,
  3.483128551548213,
  3.067209062338687,
  0.35904813188678536,
  0.35904813188678536,
  0.3514572500392154,
  0.2357866259454633,
  0.44794721401743304,
  0.12031601312671263,
  0.4277732530147376,
  0.7121169874660761,
  0.26951225697759795
 ],
 "coef": [
  0.340766653882668,
  -0.9807407287738116,
  0.4662730347988099,
  -0.51410242904902,
  0.5322144093130036,
  -0.2494741901247205,
  0.5847637084059879,
  1.311505931893268,
  -0.3521831248443724,
  -0.07417244021170503,
  -0.2540078443488124,
  0.43013997886939004,
  0.0869907566025378,
  -0.20653061631923827,
  0.1929974598972181,
  0.12230088281656966,
  -0.12230088281657085,
  0.06550740079006327,
  0.05667569380936437,
  -0.02016071979767656,
  0.23098857808164333,
  -0.009330804548981013,
  -0.44216244156908036,
  0.12878010906370368
 ],
 "intercept": 1.4608288942120478,
 "threshold": 0.6,
 "trained_on": 3131
}